id,Operator,RouteNumber,Mode,Description,Code
1,1,MK001,b,MK001a,MK
2,1,MK001,b,MK001b,MK
3,1,MK002,b,MK002a,MK
4,1,MK002,b,MK002b,MK
5,1,MK002,b,MK002c,MK
6,1,MK002,b,MK002d,MK
7,1,MK002,b,MK002e,MK
8,1,MK002,b,MK002f,MK
9,1,MK003,b,MK003a,MK
10,1,MK003,b,MK003b,MK
11,1,MK003,b,MK003c,MK
12,1,MK003,b,MK003d,MK
13,1,MK003,b,MK003e,MK
14,1,MK003,b,MK003f,MK
15,1,MK003,b,MK003g,MK
16,1,MK003,b,MK003h,MK
17,1,MK003,b,MK003i,MK
18,1,MK003,b,MK003j,MK
19,1,MK004,b,MK004a,MK
20,1,MK004,b,MK004b,MK
21,1,MK004,b,MK004c,MK
22,1,MK004,b,MK004d,MK
23,1,MK004,b,MK004e,MK
24,1,MK004,b,MK004f,MK
25,1,MK004,b,MK004g,MK
26,1,MK004,b,MK004h,MK
27,1,MK005,b,MK005a,MK
28,1,MK005,b,MK005b,MK
29,1,MK005,b,MK005c,MK
30,1,MK005,b,MK005d,MK
31,1,MK005,b,MK005e,MK
32,1,MK005,b,MK005f,MK
33,1,MK005,b,MK005g,MK
34,1,MK005,b,MK005h,MK
35,1,MK005,b,MK005i,MK
36,1,MK005,b,MK005j,MK
37,1,MK005,b,MK005x,MK
38,1,MK007,b,MK007a,MK
39,1,MK007,b,MK007b,MK
40,1,MK007,b,MK007c,MK
41,1,MK007,b,MK007d,MK
42,1,MK007,b,MK007e,MK
43,1,MK007,b,MK007f,MK
44,1,MK007,b,MK007g,MK
45,1,MK008,b,MK008a,MK
46,1,MK008,b,MK008b,MK
47,1,MK009,b,MK009a,MK
48,1,MK009,b,MK009b,MK
49,1,MK010,b,MK010a,MK
50,1,MK010,b,MK010b,MK
51,1,MK010,b,MK010c,MK
52,1,MK010,b,MK010d,MK
53,1,MK011,b,MK011a,MK
54,1,MK011,b,MK011b,MK
55,1,MK011,b,MK011c,MK
56,1,MK011,b,MK011d,MK
57,1,MK012,b,MK012a,MK
58,1,MK012,b,MK012b,MK
59,1,MK012,b,MK012c,MK
60,1,MK012,b,MK012d,MK
61,1,MK012,b,MK012e,MK
62,1,MK012,b,MK012f,MK
63,1,MK013,b,MK013a,MK
64,1,MK013,b,MK013b,MK
65,1,MK013,b,MK013c,MK
66,1,MK013,b,MK013d,MK
67,1,MK014,b,MK014a,MK
68,1,MK014,b,MK014b,MK
69,1,MK014,b,MK014c,MK
70,1,MK014,b,MK014d,MK
71,1,MK014,b,MK014e,MK
72,1,MK014,b,MK014f,MK
73,1,MK014,b,MK014g,MK
74,1,MK014,b,MK014h,MK
75,1,MK014,b,MK014i,MK
76,1,MK015,b,MK015a,MK
77,1,MK015,b,MK015b,MK
78,1,MK015,b,MK015c,MK
79,1,MK015,b,MK015d,MK
80,1,MK015,b,MK015e,MK
81,1,MK016,b,MK016a,MK
82,1,MK016,b,MK016b,MK
83,1,MK016,b,MK016c,MK
84,1,MK017,b,MK017a,MK
85,1,MK017,b,MK017b,MK
86,1,MK017,b,MK017c,MK
87,1,MK017,b,MK017d,MK
88,1,MK017,b,MK017e,MK
89,1,MK017,b,MK017f,MK
90,1,MK018,b,MK018a,MK
91,1,MK018,b,MK018b,MK
92,1,MK018,b,MK018c,MK
93,1,MK018,b,MK018d,MK
94,1,MK018,b,MK018e,MK
95,1,MK019,b,MK019a,MK
96,1,MK019,b,MK019b,MK
97,1,MK021,b,MK021a,MK
98,1,MK021,b,MK021b,MK
99,1,MK021,b,MK021c,MK
100,1,MK022,b,MK022a,MK
101,1,MK022,b,MK022b,MK
102,1,MK023,b,MK023a,MK
103,1,MK023,b,MK023b,MK
104,1,MK023,b,MK023c,MK
105,1,MK024,b,MK024a,MK
106,1,MK024,b,MK024b,MK
107,1,MK024,b,MK024c,MK
108,1,MK024,b,MK024d,MK
109,1,MK024,b,MK024e,MK
110,1,MK025,b,MK025a,MK
111,1,MK025,b,MK025b,MK
112,1,MK025,b,MK025c,MK
113,1,MK026,b,MK026a,MK
114,1,MK026,b,MK026b,MK
115,1,MK026,b,MK026c,MK
116,1,MK026,b,MK026d,MK
117,1,MK027,b,MK027a,MK
118,1,MK027,b,MK027b,MK
119,1,MK027,b,MK027c,MK
120,1,MK028,b,MK028a,MK
121,1,MK028,b,MK028b,MK
122,1,MK028,b,MK028c,MK
123,1,MK028,b,MK028d,MK
124,1,MK028,b,MK028e,MK
125,1,MK028,b,MK028f,MK
126,1,MK028,b,MK028g,MK
127,1,MK028,b,MK028h,MK
128,1,MK028,b,MK028i,MK
129,1,MK028,b,MK028j,MK
130,1,MK028,b,MK028x,MK
131,1,MK028,b,MK028x,MK
132,1,MK030,b,MK030a,MK
133,1,MK030,b,MK030b,MK
134,1,MK031,b,MK031a,MK
135,1,MK031,b,MK031b,MK
136,1,MK031,b,MK031c,MK
137,1,MK033,b,MK033a,MK
138,1,MK033,b,MK033b,MK
139,1,MK033,b,MK033c,MK
140,1,MK034,b,MK034a,MK
141,1,MK035,b,MK035a,MK
142,1,MK036,b,MK036a,MK
143,1,MK036,b,MK036b,MK
144,1,MK036,b,MK036c,MK
145,1,MK036,b,MK036d,MK
146,1,MK036,b,MK036e,MK
147,1,MK036,b,MK036f,MK
148,1,MK036,b,MK036g,MK
149,1,MK037,b,MK037a,MK
150,1,MK038,b,MK038a,MK
151,1,MK038,b,MK038b,MK
152,1,MK039,b,MK039a,MK
153,1,MK039,b,MK039b,MK
154,1,MK039,b,MK039c,MK
155,1,MK041,b,MK041a,MK
156,1,MK041,b,MK041b,MK
157,1,MK041,b,MK041c,MK
158,1,MK041,b,MK041d,MK
159,1,MK041,b,MK041e,MK
160,1,MK042,b,MK042a,MK
161,1,MK042,b,MK042b,MK
162,1,MK042,b,MK042c,MK
163,1,MK043,b,MK043a,MK
164,1,MK043,b,MK043b,MK
165,1,MK043,b,MK043c,MK
166,1,MK043,b,MK043d,MK
167,1,MK043,b,MK043e,MK
168,1,MK043,b,MK043f,MK
169,1,MK043,b,MK043g,MK
170,1,MK044,b,MK044a,MK
171,1,MK044,b,MK044b,MK
172,1,MK044,b,MK044c,MK
173,1,MK044,b,MK044d,MK
174,1,MK045,b,MK045a,MK
175,1,MK046,b,MK046a,MK
176,1,MK046,b,MK046b,MK
177,1,MK048,b,MK048a,MK
178,1,MK048,b,MK048b,MK
179,1,MK048,b,MK048c,MK
180,1,MK048,b,MK048d,MK
181,1,MK048,b,MK048e,MK
182,1,MK048,b,MK048f,MK
183,1,MK048,b,MK048g,MK
184,1,MK048,b,MK048h,MK
185,1,MK048,b,MK048i,MK
186,1,MK049,b,MK049a,MK
187,1,MK049,b,MK049b,MK
188,1,MK049,b,MK049c,MK
189,1,MK049,b,MK049d,MK
190,1,MK049,b,MK049e,MK
191,1,MK051,b,MK051a,MK
192,1,MK051,b,MK051b,MK
193,1,MK053,b,MK053a,MK
194,1,MK053,b,MK053b,MK
195,1,MK054,b,MK054a,MK
196,1,MK054,b,MK054b,MK
197,1,MK054,b,MK054c,MK
198,1,MK054,b,MK054d,MK
199,1,MK054,b,MK054e,MK
200,1,MK054,b,MK054f,MK
201,1,MK054,b,MK054g,MK
202,1,MK054,b,MK054h,MK
203,1,MK055,b,MK055a,MK
204,1,MK055,b,MK055b,MK
205,1,MK055,b,MK055c,MK
206,1,MK056,b,MK056a,MK
207,1,MK056,b,MK056b,MK
208,1,MK056,b,MK056c,MK
209,1,MK057,b,MK057a,MK
210,1,MK057,b,MK057b,MK
211,1,MK060,b,MK060a,MK
212,1,MK060,b,MK060b,MK
213,1,MK064,b,MK064a,MK
214,1,MK065,b,MK065a,MK
215,1,MK065,b,MK065b,MK
216,1,MK065,b,MK065c,MK
217,1,MK065,b,MK065d,MK
218,1,MK065,b,MK065e,MK
219,1,MK065,b,MK065f,MK
220,1,MK065,b,MK065g,MK
221,1,MK066,b,MK066a,MK
222,1,MK066,b,MK066b,MK
223,1,MK066,b,MK066c,MK
224,1,MK067,b,MK067a,MK
225,1,MK067,b,MK067b,MK
226,1,MK067,b,MK067c,MK
227,1,MK067,b,MK067d,MK
228,1,MK068,b,MK068a,MK
229,1,MK068,b,MK068b,MK
230,1,MK068,b,MK068c,MK
231,1,MK068,b,MK068d,MK
232,1,MK068,b,MK068e,MK
233,1,MK068,b,MK068f,MK
234,1,MK070,b,MK070a,MK
235,1,MK070,b,MK070b,MK
236,1,MK070,b,MK070c,MK
237,1,MK071,b,MK071a,MK
238,1,MK071,b,MK071b,MK
239,1,MK071,b,MK071c,MK
240,1,MK072,b,MK072a,MK
241,1,MK072,b,MK072b,MK
242,1,MK072,b,MK072c,MK
243,1,MK073,b,MK073a,MK
244,1,MK073,b,MK073b,MK
245,1,MK073,b,MK073c,MK
246,1,MK073,b,MK073d,MK
247,1,MK073,b,MK073e,MK
248,1,MK073,b,MK073f,MK
249,1,MK074,b,MK074a,MK
250,1,MK075,b,MK075a,MK
251,1,MK075,b,MK075b,MK
252,1,MK075,b,MK075c,MK
253,1,MK075,b,MK075d,MK
254,1,MK075,b,MK075e,MK
255,1,MK075,b,MK075f,MK
256,1,MK076,b,MK076a,MK
257,1,MK077,b,MK077a,MK
258,1,MK079,b,MK079a,MK
259,1,MK098,b,MK098a,MK
260,1,MK098,b,MK098b,MK
261,1,MK099,b,MK099a,MK
262,1,MK099,b,MK099b,MK
263,1,MK101,b,MK101a,MK
264,1,MK101,b,MK101b,MK
265,1,MK101,b,MK101c,MK
266,1,MK101,b,MK101d,MK
267,1,MK101,b,MK101e,MK
268,1,MK102,b,MK102a,MK
269,1,MK105,b,MK105a,MK
270,1,MK105,b,MK105b,MK
271,1,MK106,b,MK106a,MK
272,1,MK106,b,MK106b,MK
273,1,MK106,b,MK106c,MK
274,1,MK106,b,MK106d,MK
275,1,MK106,b,MK106e,MK
276,1,MK106,b,MK106f,MK
277,1,MK107,b,MK107a,MK
278,1,MK107,b,MK107b,MK
279,1,MK107,b,MK107c,MK
280,1,MK110,b,MK110a,MK
281,1,MK110,b,MK110b,MK
282,1,MK111,b,MK111a,MK
283,1,MK111,b,MK111b,MK
284,1,MK113,b,MK113a,MK
285,1,MK114,b,MK114a,MK
286,1,MK116,b,MK116a,MK
287,1,MK118,b,MK118a,MK
288,1,MK118,b,MK118b,MK
289,1,MK118,b,MK118c,MK
290,1,MK118,b,MK118d,MK
291,1,MK119,b,MK119a,MK
292,1,MK119,b,MK119b,MK
293,1,MK119,b,MK119c,MK
294,1,MK120,b,MK120a,MK
295,1,MK120,b,MK120b,MK
296,1,MK120,b,MK120c,MK
297,1,MK121,b,MK121a,MK
298,1,MK121,b,MK121b,MK
299,1,MK121,b,MK121c,MK
300,1,MK121,b,MK121d,MK
301,1,MK122,b,MK122a,MK
302,1,MK122,b,MK122b,MK
303,1,MK123,b,MK123a,MK
304,1,MK124,b,MK124a,MK
305,1,MK124,b,MK124b,MK
306,1,MK124,b,MK124c,MK
307,1,MK124,b,MK124d,MK
308,1,MK124,b,MK124e,MK
309,1,MK125,b,MK125a,MK
310,1,MK125,b,MK125b,MK
311,1,MK125,b,MK125c,MK
312,1,MK125,b,MK125d,MK
313,1,MK125,b,MK125e,MK
314,1,MK128,b,MK128a,MK
315,1,MK128,b,MK128b,MK
316,1,MK129,b,MK129a,MK
317,1,MK129,b,MK129b,MK
318,1,MK131,b,MK131a,MK
319,1,MK131,b,MK131b,MK
320,1,MK131,b,MK131c,MK
321,1,MK132,b,MK132a,MK
322,1,MK132,b,MK132b,MK
323,1,MK132,b,MK132c,MK
324,1,MK132,b,MK132d,MK
325,1,MK133,b,MK133a,MK
326,1,MK134,b,MK134a,MK
327,1,MK134,b,MK134b,MK
328,1,MK139,b,MK139a,MK
329,1,MK139,b,MK139b,MK
330,1,MK140,b,MK140a,MK
331,1,MK140,b,MK140b,MK
332,1,MK140,b,MK140c,MK
333,1,MK140,b,MK140d,MK
334,1,MK143,b,MK143a,MK
335,1,MK148,b,MK148a,MK
336,1,MK148,b,MK148b,MK
337,1,MK149,b,MK149a,MK
338,1,MK149,b,MK149b,MK
339,1,MK150,b,MK150a,MK
340,1,MK150,b,MK150b,MK
341,1,MK150,b,MK150c,MK
342,1,MK152,b,MK152a,MK
343,1,MK153,b,MK153a,MK
344,1,MK153,b,MK153b,MK
345,1,MK154,b,MK154a,MK
346,1,MK155,b,MK155a,MK
347,1,MK155,b,MK155b,MK
348,1,MK156,b,MK156a,MK
349,1,MK156,b,MK156b,MK
350,1,MK156,b,MK156c,MK
351,1,MK156,b,MK156d,MK
352,1,MK156,b,MK156e,MK
353,1,MK157,b,MK157a,MK
354,1,MK158,b,MK158a,MK
355,1,MK159,b,MK159a,MK
356,1,MK161,b,MK161a,MK
357,1,MK162,b,MK162a,MK
358,1,MK162,b,MK162b,MK
359,1,MK164,b,MK164a,MK
360,1,MK164,b,MK164b,MK
361,1,MK166,b,MK166a,MK
362,1,MK166,b,MK166b,MK
363,1,MK167,b,MK167a,MK
364,1,MK168,b,MK168a,MK
365,1,MK168,b,MK168b,MK
366,1,MK169,b,MK169a,MK
367,1,MK169,b,MK169b,MK
368,1,MK173,b,MK173a,MK
369,1,MK174,b,MK174a,MK
370,1,MK174,b,MK174b,MK
371,1,MK174,b,MK174c,MK
372,1,MK174,b,MK174d,MK
373,1,MK174,b,MK174e,MK
374,1,MK175,b,MK175a,MK
375,1,MK177,b,MK177a,MK
376,1,MK179,b,MK179a,MK
377,1,MK180,b,MK180a,MK
378,1,MK180,b,MK180b,MK
379,1,MK180,b,MK180c,MK
380,1,MK181,b,MK181a,MK
381,1,MK181,b,MK181b,MK
382,1,MK182,b,MK182a,MK
383,1,MK182,b,MK182b,MK
384,1,MK183,b,MK183a,MK
385,1,MK183,b,MK183b,MK
386,1,MK187,b,MK187a,MK
387,1,MK187,b,MK187b,MK
388,1,MK190,b,MK190a,MK
389,1,MK192,b,MK192a,MK
390,1,MK192,b,MK192b,MK
391,1,MK196,b,MK196a,MK
392,1,MK197,b,MK197a,MK
393,1,MK200,b,MK200a,MK
394,1,MK200,b,MK200b,MK
395,1,MK200,b,MK200c,MK
396,1,MK201,b,MK201a,MK
397,1,MK202,b,MK202a,MK
398,1,MK202,b,MK202b,MK
399,1,MK202,b,MK202c,MK
400,1,MK203,b,MK203a,MK
401,1,MK203,b,MK203b,MK
402,1,MK203,b,MK203c,MK
403,1,MK203,b,MK203d,MK
404,1,MK203,b,MK203e,MK
405,1,MK204,b,MK204a,MK
406,1,MK204,b,MK204b,MK
407,1,MK205,b,MK205a,MK
408,1,MK205,b,MK205b,MK
409,1,MK206,b,MK206a,MK
410,1,MK207,b,MK207a,MK
411,1,MK208,b,MK208a,MK
412,1,MK209,b,MK209a,MK
413,1,MK209,b,MK209b,MK
414,1,MK209,b,MK209c,MK
415,1,MK210,b,MK210a,MK
416,1,MK211,b,MK211a,MK
417,1,MK212,b,MK212a,MK
418,1,MK212,b,MK212b,MK
419,1,MK212,b,MK212c,MK
420,1,MK214,b,MK214a,MK
421,1,MK215,b,MK215a,MK
422,1,MK216,b,MK216a,MK
423,1,MK217,b,MK217a,MK
424,1,MK218,b,MK218a,MK
425,1,MK219,b,MK219a,MK
426,1,MK219,b,MK219b,MK
427,1,MK219,b,MK219c,MK
428,1,MK221,b,MK221a,MK
429,1,MK221,b,MK221b,MK
430,1,MK222,b,MK222a,MK
431,1,MK222,b,MK222b,MK
432,1,MK225,b,MK225a,MK
433,1,MK225,b,MK225b,MK
434,1,MK229,b,MK229a,MK
435,1,MK230,b,MK230a,MK
436,1,MK230,b,MK230b,MK
437,1,MK230,b,MK230c,MK
438,1,MK230,b,MK230d,MK
439,1,MK230,b,MK230e,MK
440,1,MK230,b,MK230f,MK
441,1,MK230,b,MK230g,MK
442,1,MK232,b,MK232a,MK
443,1,MK232,b,MK232b,MK
444,1,MK232,b,MK232c,MK
445,1,MK233,b,MK233a,MK
446,1,MK233,b,MK233b,MK
447,1,MK234,b,MK234a,MK
448,1,MK234,b,MK234b,MK
449,1,MK234,b,MK234c,MK
450,1,MK236,b,MK236a,MK
451,1,MK236,b,MK236b,MK
452,1,MK236,b,MK236c,MK
453,1,MK273,b,MK273a,MK
454,1,MK238,b,MK238a,MK
455,1,MK238,b,MK238b,MK
456,1,MK240,b,MK240a,MK
457,1,MK240,b,MK240b,MK
458,1,MK240,b,MK240c,MK
459,1,MK240,b,MK240d,MK
460,1,MK242,b,MK242a,MK
461,1,MK243,b,MK243a,MK
462,1,MK244,b,MK244a,MK
463,1,MK245,b,MK245a,MK
464,1,MK245,b,MK245b,MK
465,1,MK245,b,MK245c,MK
466,1,MK245,b,MK245d,MK
467,1,MK247,b,MK247a,MK
468,1,MK248,b,MK248a,MK
469,1,MK248,b,MK248b,MK
470,1,MK249,b,MK249a,MK
471,1,MK249,b,MK249b,MK
472,1,MK249,b,MK249c,MK
473,1,MK249,b,MK249d,MK
474,1,MK249,b,MK249e,MK
475,1,MK250,b,MK250a,MK
476,1,MK251,b,MK251a,MK
477,1,MK251,b,MK251b,MK
478,1,MK251,b,MK251c,MK
479,1,MK252,b,MK252a,MK
480,1,MK253,b,MK253a,MK
481,1,MK253,b,MK253b,MK
482,1,MK253,b,MK253c,MK
483,1,MK253,b,MK253d,MK
484,1,MK253,b,MK253e,MK
485,1,MK255,b,MK255a,MK
486,1,MK255,b,MK255b,MK
487,1,MK255,b,MK255c,MK
488,1,MK256,b,MK256a,MK
489,1,MK257,b,MK257a,MK
490,1,MK260,b,MK260a,MK
491,1,MK261,b,MK261a,MK
492,1,MK265,b,MK265a,MK
493,1,MK266,b,MK266a,MK
494,1,MK268,b,MK268a,MK
495,1,MK269,b,MK269a,MK
496,1,MK269,b,MK2695,MK
497,1,MK269,b,MK269c,MK
498,1,MK271,b,MK271a,MK
499,1,MK271,b,MK271b,MK
500,1,MK271,b,MK271c,MK
501,1,MK271,b,MK271d,MK
502,1,MK272,b,MK272a,MK
503,1,MK277,b,MK277a,MK
504,1,MK291,b,MK291a,MK
505,1,MK291,b,MK291b,MK
506,1,MK301,b,MK301a,MK
507,1,MK301,b,MK301b,MK
508,1,MK301,b,MK301c,MK
509,1,MK301,b,MK301d,MK
510,1,MK301,b,MK301e,MK
511,1,MK303,b,MK303a,MK
512,1,MK304,b,MK304a,MK
513,1,MK306,b,MK306a,MK
514,1,MK308,b,MK308a,MK
515,1,MK311,b,MK311a,MK
516,1,MK311,b,MK311b,MK
517,1,MK312,b,MK312a,MK
518,1,MK312,b,MK312b,MK
519,1,MK316,b,MK316a,MK
520,1,MK330,b,MK330a,MK
521,1,MK330,b,MK330b,MK
522,1,MK330,b,MK330c,MK
523,1,MK331,b,MK331a,MK
524,1,MK331,b,MK331b,MK
525,1,MK331,b,MK331c,MK
526,1,MK342,b,MK342a,MK
527,1,MK345,b,MK345a,MK
528,1,MK345,b,MK345b,MK
529,1,MK346,b,MK346a,MK
530,1,MK346,b,MK346b,MK
531,1,MK347,b,MK347a,MK
532,1,MK347,b,MK347b,MK
533,1,MK348,b,MK348a,MK
534,1,MK348,b,MK348b,MK
535,1,MK355,b,MK355a,MK
536,1,MK355,b,MK355b,MK
537,1,MK358,b,MK358a,MK
538,1,MK358,b,MK358b,MK
539,1,MK372,b,MK372a,MK
540,1,MK372,b,MK372b,MK
541,1,MK372,b,MK372c,MK
542,1,MK373,b,MK373a,MK
543,6,ST522,b,ST522a,ST
544,6,ST522,b,ST522b,ST
545,6,ST522,b,ST522c,ST
546,6,ST540,b,ST540a,ST
547,6,ST540,b,ST540b,ST
548,6,ST540,b,ST540c,ST
549,6,ST545,b,ST545a,ST
550,6,ST545,b,ST545b,ST
551,6,ST545,b,ST545c,ST
552,6,ST545,b,ST545d,ST
553,6,ST545,b,ST545e,ST
554,6,ST545,b,ST545f,ST
555,6,ST550,b,ST550a,ST
556,6,ST550,b,ST550b,ST
557,6,ST550,b,ST550c,ST
558,6,ST550,b,ST550d,ST
559,6,ST550,b,ST550e,ST
560,6,ST554,b,ST554a,ST
561,6,ST554,b,ST554b,ST
562,6,ST555,b,ST555a,ST
563,6,ST555,b,ST555b,ST
564,6,ST556,b,ST556a,ST
565,6,ST556,b,ST556b,ST
566,6,ST560,b,ST560a,ST
567,6,ST560,b,ST560b,ST
568,6,ST560,b,ST560c,ST
569,6,ST560,b,ST560d,ST
570,6,ST560,b,ST560e,ST
571,6,ST566,b,ST566a,ST
572,6,ST566,b,ST566b,ST
573,6,ST566,b,ST566c,ST
574,6,ST566,b,ST566d,ST
575,6,ST566,b,ST566e,ST
576,6,ST566,b,ST566f,ST
577,6,ST577,b,ST577a,ST
578,6,ST599,b,ST599a,ST
579,6,ST599,b,ST599b,ST
580,6,ST599,b,ST599c,ST
581,6,ST599,b,ST599d,ST
582,6,ST599,b,ST599e,ST
583,1,MK600,b,MK600a,MK
584,1,MK661,b,MK661a,MK
585,1,MK885,b,MK885a,MK
586,1,MK886,b,MK886a,MK
587,1,MK886,b,MK886b,MK
588,1,MK888,b,MK888a,MK
589,1,MK889,b,MK889a,MK
590,1,MK890,b,MK890a,MK
591,1,MK891,b,MK891a,MK
592,1,MK892,b,MK892a,MK
593,1,MK901,b,MK901a,MK
594,1,MK901,b,MK901b,MK
595,1,MK903,b,MK903a,MK
596,1,MK903,b,MK903b,MK
597,1,MK908,b,MK908a,MK
598,1,MK908,b,MK908b,MK
599,1,MK909,b,MK909a,MK
600,1,MK909,b,MK909b,MK
601,1,MK913,b,MK913a,MK
602,1,MK913,b,MK913b,MK
603,1,MK915,b,MK915a,MK
604,1,MK915,b,MK915b,MK
605,1,MK915,b,MK915c,MK
606,1,MK917,b,MK917a,MK
607,1,MK917,b,MK917b,MK
608,1,MK917,b,MK917c,MK
609,1,MK918,b,MK918a,MK
610,1,MK918,b,MK918b,MK
611,1,MK919,b,MK919a,MK
612,1,MK919,b,MK919b,MK
613,1,MK921,b,MK921a,MK
614,1,MK921,b,MK921b,MK
615,1,MK926,b,MK926a,MK
616,1,MK926,b,MK926b,MK
617,1,MK926,b,MK926c,MK
618,1,MK927,b,MK927a,MK
619,1,MK927,b,MK927b,MK
620,1,MK927,b,MK927c,MK
621,1,MK927,b,MK927d,MK
622,1,MK929,b,MK929a,MK
623,1,MK929,b,MK929b,MK
624,1,MK935,b,MK935a,MK
625,1,MK935,b,MK935b,MK
626,1,MK941,b,MK941a,MK
629,1,MK982,b,MK982a,MK
630,1,MK986,b,MK986a,MK
631,1,MK987,b,MK987a,MK
632,1,MK988,b,MK988a,MK
633,1,MK989,b,MK989a,MK
634,1,MK994,b,MK994a,MK
635,1,MK995,b,MK995a,MK
636,3,CT880,b,Muklilteo-UDistrict,CT
637,3,CT880,b,Mukilteo-UDistrict,CT
638,3,CT871,b,UDistrict-EdmondsP&R,CT
639,3,CT870,b,EdmondsP&R-UDistrict,CT
640,3,CT860,b,MarinerP&R-UDistrict,CT
641,3,CT855,b,Lynwood-UDistrict,CT
642,3,CT851,b,EdmondsP&R-UDistrict,CT
643,3,CT821,b,Marysville-UDistrict,CT
644,3,CT812,b,MarinerP&R-McCollum*,CT
645,3,CT701,b,Swift-Aurora-Everett,CT
646,3,CT701,b,Swift-Everett-Aurora,CT
647,6,ST535,b,BellevueTC-Lynwood,ST
648,6,ST535,b,Lynwood-BellevueTC,ST
649,6,ST532,b,BellevueTC-EverettS*,ST
651,6,ST513,b,Everett-Seattle,ST
652,6,ST511,b,Seattle-AshWayP&R,ST
653,6,ST511,b,AshWayP&R-Seattle,ST
654,6,ST511,b,AshWayP&R-Seattle,ST
655,6,ST510,b,Seattle-Everett,ST
656,6,ST510,b,Everett-Seattle,ST
657,3,CT477,b,Brier-Seattle,CT
658,3,CT441,b,EdmondsP&R-Overlake,CT
659,3,CT435,b,MaysPond-Seattle,CT
660,3,CT425,b,LakeStevens-Seattle,CT
661,3,CT424,b,Snohomish-Seattle,CT
662,3,CT422,b,Stanwood-Seattle,CT
663,3,CT421,b,Marysville-Seattle,CT
664,3,CT417,b,Mukilteo-Seattle,CT
665,3,CT416,b,Edmonds-Seattle,CT
666,3,CT415,b,LincolnWay-Seattle,CT
667,3,CT414,b,McCollumP&R-Seattle,CT
668,3,CT413,b,SwampCreek-Seattle,CT
669,3,CT412,b,SilverFirs-Seattle,CT
670,3,CT411,b,SR99-MareinerP&R-SR*,CT
671,3,CT410,b,SR99-MarinerP&R-Sea*,CT
672,3,CT408,b,MountlakeTerrace-Se*,CT
673,3,CT406,b,Seaview-Seattle,CT
674,3,CT402,b,Lynwood-Seattle,CT
675,3,CT401,b,Lynwood-Seattle,CT
676,3,CT280,b,EverettStation-Gran*,CT
677,3,CT280,b,GraniteFalls-Everet*,CT
678,3,CT280,b,GraniteFalls-Everet*,CT
679,3,CT275,b,Everett-Monroe,CT
680,3,CT275,b,Monroe-Everett,CT
681,3,CT270,b,Everett-Monroe-Gold*,CT
682,3,CT270,b,GoldBar-Monroe-Ever*,CT
683,3,CT240,b,Stanwood-Arlington,CT
684,3,CT240,b,Arlington-Stanwood,CT
685,3,CT230,b,SmokeyPoint-Daringt*,CT
686,3,CT230,b,Darington-SmokeyPoi*,CT
687,3,CT222,b,TulalipBay-Marysvil*,CT
688,3,CT222,b,Marysville-TulalipB*,CT
689,3,CT221,b,Marysville-LakeStev*,CT
690,3,CT221,b,LakeStevens-Marysvi*,CT
691,3,CT202,b,LynwoodTC-SmokeyPoi*,CT
692,3,CT202,b,SmokeyPoint-Lynwood*,CT
693,3,CT201,b,LynwoodTC-SmokeyPoi*,CT
694,3,CT201,b,SmokeyPoint-Lynwood*,CT
695,3,CT200,b,SmokeyPoint-Lynwood*,CT
696,3,CT190,b,Mukilteo-EdmondsCC,CT
697,3,CT131,b,AuroraVillage-Edmon*,CT
698,3,CT131,b,EdmondsCC-AuroraVil*,CT
699,3,CT130,b,AuroraVillage-Lynwo*,CT
700,3,CT130,b,LynwoodTC-AuroraVil*,CT
701,3,CT121,b,LynwoodTC-Bothell,CT
702,3,CT121,b,Bothell-LynwoodTC,CT
703,3,CT120,b,Bothell-LynwoodTC,CT
704,3,CT119,b,LynwoodTC-Meadowdale,CT
705,3,CT119,b,Meadowdale-LynwoodTC,CT
706,3,CT118,b,AuroraVillage-AshWa*,CT
707,3,CT118,b,AshWayP&R-AuroraVil*,CT
708,3,CT116,b,Edmonds-SilverFirs-*,CT
709,3,CT116,b,MillCreek-SilverFir*,CT
710,3,CT115,b,Edmonds-SilverFirs-*,CT
711,3,CT115,b,MillCreek-SilverFir*,CT
712,3,CT113,b,LynwoodTC-Mukilteo,CT
713,3,CT113,b,Mukilteo-LynwoodTC,CT
714,3,CT112,b,EdmondsCC-Mountlake*,CT
715,3,CT112,b,Lynwood-MountlakeTe*,CT
716,3,CT110,b,Edmonds-LynwoodTC,CT
717,3,CT110,b,LynwoodTC-Edmonds,CT
718,3,CT106,b,Bothell-MarinerP&R,CT
719,3,CT106,b,MarinerP&R-Bothell,CT
720,3,CT105,b,Bothell-MarinerP&R,CT
721,3,CT105,b,MarinerP&R-Bothel,CT
722,3,CT101,b,AuroraVillage-Marin*,CT
723,3,CT101,b,MarinerP&R-AuroraVi*,CT
724,3,CT404,b,Edmonds-Seattle,CT
725,2,PT061,b,61 Northeast Tacoma,PT
726,2,PT061,b,61 Northeast Tacoma,PT
727,2,PT601,b,601 OL-512-TCC-GH,PT
728,2,PT060,b,60  Port of Tacoma,PT
729,6,ST599,b,599 Lakewood-Tacoma,ST
730,6,ST599,b,599 Tacoma-Lakwood,ST
731,6,ST595,b,595 GigHarbor-Seatt*,ST
732,6,ST594,b,594 Lakewood-Seattle,ST
733,6,ST594,b,594 Seattle-Lakewood,ST
734,6,ST593,b,593 Tacoma-Seattle,ST
735,6,ST592,b,592 Dupont-Seattle,ST
736,6,ST592,b,592 Dupont-Seattle,ST
737,6,ST592,b,592 Seattle-Dupont,ST
738,6,ST590,b,590 Tacoma-Seattle,ST
739,6,ST590,b,590 Tacoma-Seattle,ST
740,6,ST590,b,590 Seattle-Tacoma,ST
741,2,PT059,b,59 MANITOU,PT
742,2,PT059,b,59 MANITOU,PT
743,6,ST586,b,586 Tacoma-UDistrict,ST
744,6,ST578,b,578 Seattle-Puyallup,ST
745,6,ST574,b,574 Lakewood-Seatac,ST
746,6,ST574,b,574 Seatac-Lakewood,ST
747,2,PT057,b,57 Tacoma Mall,PT
748,2,PT057,b,57 Tacoma Mall,PT
749,2,PT056,b,56 56TH ST,PT
750,2,PT056,b,56 56TH ST,PT
751,2,PT055,b,55 Tacoma Mall-Park*,PT
752,2,PT055,b,55 Tacoma Mall-Park*,PT
753,2,PT054,b,54 38TH ST,PT
754,2,PT054,b,54 38TH ST,PT
755,2,PT053,b,53 UNIVERSITY PLC,PT
756,2,PT053,b,53 Manitou,PT
757,2,PT053,b,53 Manitou,PT
758,2,PT053,b,53 UNIVERSITY PLC,PT
759,2,PT053,b,53 Manitou,PT
760,2,PT052,b,PT052a,PT
761,2,PT052,b,PT052b,PT
762,2,PT501,b,501 Milton-Federal *,PT
763,2,PT501,b,501 Milton-Federal *,PT
764,2,PT501,b,501 Milton-Federal *,PT
765,2,PT501,b,501 Milton-Federal *,PT
766,2,PT500,b,500 Federal Way,PT
767,2,PT500,b,500 Federal Way,PT
768,2,PT497,b,497 Lakeland Hills,PT
769,2,PT496,b,496 Sumner Sounder *,PT
770,2,PT495,b,495 SO HILL-PUYLP,PT
771,2,PT490,b,490 South Hill-Taco*,PT
772,2,PT048,b,48 SHERIDAN-M ST,PT
773,2,PT048,b,48 SHERIDAN-M ST,PT
774,2,PT048,b,48 SHERIDAN-M ST,PT
775,2,PT045,b,45 YAKIMA,PT
776,2,PT045,b,45 YAKIMA,PT
777,2,PT444,b,444  Parkland-Spana*,PT
778,2,PT444,b,444  Parkland-Spana*,PT
779,2,PT042,b,42 MCKINLEY AVE,PT
780,2,PT042,b,42 MCKINLEY AVE,PT
781,2,PT413,b,413 Wildwood,PT
782,2,PT413,b,413 Wildwood,PT
783,2,PT410,b,410 112TH STREET,PT
784,2,PT410,b,410 112TH STREET,PT
785,2,PT410,b,410 112TH STREET,PT
786,2,PT410,b,410 112TH STREET,PT
787,2,PT041,b,41 PORTLAND AVE,PT
788,2,PT041,b,41 PORTLAND AVE,PT
789,2,PT409,b,409 Puyallup-Sumner ,PT
790,2,PT409,b,409 Puyallup-Sumner ,PT
791,2,PT408,b,408 Sumner to Bonne*,PT
792,2,PT408,b,408 Sumner to Bonne*,PT
793,2,PT407,b,407 Bonney Lake-Pra*,PT
794,2,PT407,b,407 Bonney Lake-Pra*,PT
795,2,PT406,b,406 BUCKLEY,PT
796,2,PT406,b,406 BUCKLEY,PT
797,2,PT402,b,402 MERIDIAN,PT
798,2,PT402,b,402 MERIDIAN,PT
799,2,PT402,b,402 MERIDIAN,PT
800,2,PT402,b,402 MERIDIAN,PT
801,2,PT402,b,402 MERIDIAN,PT
802,2,PT300,b,300 SO TACOMA WAY,PT
803,2,PT300,b,300 SO TACOMA WAY,PT
804,2,PT300,b,300 SO TACOMA WAY,PT
805,2,PT300,b,300 SO TACOMA WAY,PT
806,2,PT003,b,3 LAKEWOOD-TACOMA,PT
807,2,PT003,b,3 LAKEWOOD-TACOMA,PT
808,2,PT028,b,28 S 12TH ST,PT
809,2,PT028,b,28 S 12TH ST,PT
810,2,PT026,b,26 M L KING JR WY,PT
811,2,PT220,b,220 ORCHARD,PT
812,2,PT220,b,220 ORCHARD,PT
813,2,PT214,b,214 WASHINGTON,PT
814,2,PT214,b,214 WASHINGTON,PT
815,2,PT212,b,212 STEILACOOM,PT
816,2,PT212,b,212 STEILACOOM,PT
817,2,PT212,b,212 STEILACOOM,PT
818,2,PT207,b,207 Ft Lewis,PT
819,2,PT207,b,207 Ft Lewis,PT
820,2,PT207,b,207 Ft Lewis,PT
821,2,PT206,b,206 Pacific Hwy-Til*,PT
822,2,PT206,b,206 Pacific Hwy-Til*,PT
823,2,PT204,b,204 Lakewood-Parkla*,PT
824,2,PT204,b,204 Lakewood-Parkla*,PT
825,2,PT202,b,202 72ND STREET,PT
826,2,PT202,b,202 72ND STREET,PT
827,2,PT002,b,2 19TH-BRIDGEPORT,PT
828,2,PT002,b,2 19TH-BRIDGEPORT,PT
829,2,PT002,b,2 19TH-BRIDGEPORT,PT
830,2,PT016,b,16 UPS-TCC,PT
831,2,PT016,b,16 UPS-TCC,PT
832,2,PT013,b,13 N 30TH ST,PT
833,2,PT013,b,13 N 30TH ST,PT
834,2,PT113,b,113 Key Peninsula,PT
835,2,PT113,b,113 Key Peninsula,PT
836,2,PT011,b,11 POINT DEFIANCE,PT
837,2,PT011,b,11 POINT DEFIANCE,PT
838,2,PT102,b,102 GIG HR-TAC EX,PT
839,2,PT100,b,100  Gig Harbor,PT
840,2,PT100,b,100  Gig Harbor,PT
841,2,PT010,b,10 PEARL ST,PT
842,2,PT010,b,10 PEARL ST,PT
843,2,PT001,b,1 6TH AV-PACIF AV,PT
844,2,PT001,b,1 6TH AV-TCDM-PAC,PT
845,2,PT001,b,1 6TH AV-PACIF AV,PT
846,2,PT001,b,1 6TH AV-TCDM-PAC,PT
847,6,ST578,b,Puyallup-Seattle,ST
848,6,ST592,b,592 Lakewood-Dupont,ST
849,2,PT003,b,3 LAKEWOOD-TACOMA,PT
852,5,WFEDK,f,WSF EDMNDS-KNGSTN,WF
853,5,WFEDK,f,WSF EDMNDS-KNGSTN,WF
854,5,WFFSW,f,WSF FAUNTLR-SWRTH,WF
855,5,WFPDT,f,WSF PT DEFI-TAHLQ,WF
856,5,WFPDT,f,WSF PT DEFI-TAHLQ,WF
857,5,WFSBI,f,WSF SEA-BAINB ISL,WF
858,5,WFSBI,f,WSF SEA-BAINB ISL,WF
859,5,WFSBR,f,WSF SEA-BREMERTON,WF
860,5,WFSBR,f,WSF SEA-BREMERTON,WF
863,5,WFSVP,f,WSF SEA-VASHON PO,WF
864,5,WFSVP,f,WSF SEA-VASHON PO,WF
865,5,WFFAV,f,WSF FAUNTLR-VASHN,WF
866,5,WFFAV,f,WSF FAUNTLR-VASHN,WF
867,5,WFVSW,f,WSF VASHN-STHWRTH,WF
868,5,WFVSW,f,WSF VASHN-STHWRTH,WF
888,6,RLCRL,r,COMMTR RL EV-SEA,RL
889,6,RLCRL,r,COMMTR RL SEA-EV,RL
890,6,RLLRd,r,LightRail SeaTac-Sea,RL
891,6,RLLRC,r,LightRail Sea-Seatac,RL
892,6,RLCRL,r,COMMTR RL TAC-SEA,RL
893,6,RLLRL,r,LITE RL TCOMA CBD,RL
894,6,RLLRL,r,LITE RL TCOMA CBD,RL
895,1,RLMNR,r,RLMNRa,RL
896,1,RLMNR,r,RLMNRb,RL
897,6,RLCRL,r,COMMTR RL SEA-TAC,RL
898,2,PT603,b,603 OLY-SR512-TAC,PT
899,2,PT603,b,603 OLY-SR512-TAC,PT
900,3,ET012,b,ET012a,ET
901,3,ET017,b,ET017a,ET
902,3,ET017,b,ET017b,ET
903,3,ET018,b,ET018a,ET
904,3,ET018,b,ET018b,ET
905,3,ET002,b,ET002a,ET
906,3,ET027,b,ET027A,ET
907,3,ET027,b,ET027b,ET
908,3,ET029,b,ET029a,ET
909,3,ET029,b,ET029b,ET
910,3,ET003,b,ET003a,ET
911,3,ET003,b,ET003b,ET
912,3,ET004,b,ET004a,ET
913,3,ET005,b,ET005a,ET
914,3,ET005,b,ET005b,ET
915,3,ET007,b,ET007a,ET
916,3,ET007,b,ET007b,ET
917,3,ET070,b,ET070b,ET
918,3,ET701,b,ET701a,ET
919,3,ET701,b,ET701b,ET
920,3,ET072,b,ET072a,ET
921,3,ET008,b,ET008a,ET
922,3,ET008,b,ET008b,ET
923,3,ET009,b,ET009a,ET
924,3,ET009,b,ET009b,ET
925,3,ET025,b,ET025a,ET
926,3,ET014,b,ET014a,ET
927,4,KT005,b,5 CEDAR HEIGHTS,KT
928,4,KT005,b,5 CEDAR HEIGHTS,KT
929,4,KT011,b,11 CROSSTOWN LTD,KT
930,4,KT011,b,11 CROSSTOWN LTD,KT
931,4,KT011,b,11 CROSSTOWN LTD,KT
932,4,KT013,b,13 PARKWOOD E LTD,KT
933,4,KT013,b,13 PARKWOOD E LTD,KT
934,4,KT015,b,15 MCWLIAMS-SHTTL,KT
935,4,KT017,b,17 KITSP MALL LTD,KT
936,4,KT017,b,17 KITSP MALL LTD,KT
937,4,KT019,b,19 CRSSROADS SHTL,KT
938,4,KT020,b,20 NAVY YARD CITY,KT
939,4,KT020,b,20 NAVY YARD CITY,KT
940,4,KT021,b,21 PERRY AVENUE,KT
941,4,KT021,b,21 PERRY AVENUE,KT
942,4,KT022,b,22 GATEWAY EXPRSS,KT
943,4,KT023,b,23 KARIOTS/TRCYTN,KT
944,4,KT025,b,25 EAST PARK,KT
945,4,KT025,b,25 EAST PARK,KT
946,4,KT026,b,26 WEST PARK,KT
947,4,KT026,b,26 WEST PARK,KT
948,4,KT029,b,29 TRENTON AVENUE,KT
949,4,KT029,b,29 TRENTON AVENUE,KT
950,4,KT034,b,34 BANGOR SHUTTLE,KT
951,4,KT085,b,85 MULLENIX EXPRS,KT
952,4,KT091,b,91 INDIANOLA-BAIN,KT
953,4,KT094,b,94 AGATE POINT,KT
954,4,KT095,b,95 BATTLE POINT,KT
955,4,KT097,b,97 CRYSTAL SPRNGS,KT
956,4,KT098,b,98 FORT WARD,KT
957,4,KT099,b,99 BILL POINT,KT
958,4,KTFF1,f,FT FER BREM-PT OR,KT
959,4,KTFF1,f,FT FER BREM-PT OR,KT
960,4,KTPUR,b,PURDY CONNECTION,KT
961,4,KTPUR,b,PURDY CONNECTION,KT
962,4,KT011,b,11 CROSSTOWN LTD,KT
963,4,KT011,b,11 CROSSTOWN LTD,KT
964,4,KT023,b,23 KARIOTS/TRCYTN,KT
965,4,KT033,b,33 SILVRDL-BNBRDG,KT
966,4,KT034,b,34 BANGOR SHUTTLE,KT
967,4,KT091,b,91 KINGSTN-BAINBR,KT
968,4,KT091,b,91 KINGSTN-BAINBR,KT
969,4,KT092,b,92 POUL-SUQ-KNGST,KT
970,4,KT086,b,86 SOUTHWRTH SHTL,KT
971,4,KT086,b,86 SOUTHWRTH SHTL,KT
972,4,KTFF2,f,FT FER BREM-ANNAP,KT
973,4,KTFF2,f,FT FER BREM-ANNAP,KT
974,4,KT093,b,93 MANZANITA,KT
975,4,KT106,b,106 ARROW POINT,KT
976,4,KT096,b,96 SUNRISE,KT
977,4,KT036,b,36 RIDGETOP SHTTL,KT
978,4,KT024,b,24 OLYMPIC COLLEG,KT
979,4,KT024,b,24 OLYMPIC COLLEG,KT
980,4,KT012,b,12 SILVERDLE WEST,KT
981,4,KT012,b,12 SILVERDLE WEST,KT
982,4,KT012,b,12 SILVERDLE WEST,KT
983,4,KT012,b,12 SILVERDLE WEST,KT
984,4,KT009,b,SouthPark,KT
985,4,KT032,b,32Pouls-Silverdale,KT
986,4,KT032,b,KT032b,KT
987,4,KT035,b,35 OldTownShuttle,KT
988,4,KT037,b,37 FAIRGRNDS SHTL,KT
989,4,KT041,b,41 LINCOLN DRIVE,KT
990,4,KT081,b,KT081a,KT
991,4,KT091,b,91 INDIANOLA-BAIN,KT
992,4,KT008,b,KT008b,KT
993,4,KT008,b,KT008a,KT
994,4,KT090,b,90 POULS TC-BAINB,KT
995,4,KT090,b,90 POL TC-BAIN EX,KT
996,4,KT090,b,90 POUL JCT-BAINB,KT
997,4,KTWD0,b,WD02 GLENWOOD,KT
998,4,KTWD0,b,WD03 HORSESHOE LK,KT
999,4,KTWD0,b,WD04 LONG LAKE DY,KT
1000,4,KTWD0,b,WD07 SALMONBERRY,KT
1001,4,KTWD0,b,WD09 PHLIP/BIELMR,KT
1002,4,KTWD1,b,WD10 PONDEROSA,KT
1003,4,KTWD1,b,WD12 SOUTHWORTH,KT
1004,4,KTWD1,b,WD13 SUNNYSLOPE,KT
1005,4,KTWD1,b,WD14 CAMP UNION,KT
1006,4,KTWD1,b,WD15 CENT VL LOOP,KT
1007,4,KTWD1,b,WD16 FRGRND OVRLD,KT
1008,4,KTWD1,b,WD17 FOSTERWOOD,KT
1009,4,KTWD1,b,WD18 ILLAHEE,KT
1010,4,KTWD1,b,WD19 PRKWOOD EAST,KT
1011,4,KTWD2,b,WD20 RIDGE RUNNER,KT
1012,4,KTWD2,b,WD22 WOODMERE,KT
1013,4,KTWD2,b,WD26 WINSLOW,KT
1014,4,KTWD2,b,WD21 SEABECK,KT
1015,4,KTWD2,b,WD23 KINGSTON,KT
1016,4,KTWD2,b,WD24 PORT GAMBLE,KT
1017,4,KTWD2,b,WD25 SUQUAMISH,KT
1018,4,KTWD0,b,WD01 BURLEY BUS,KT
1019,4,KTWD0,b,WD05 MANCHSTR BCH,KT
1020,4,KTWD0,b,WD06 MILE HILL EX,KT
1021,4,KTWD1,b,WD11 SIDNEY WOODS,KT
1022,4,KTWD0,b,WD08 PARKWOOD,KT
1047,2,PT051,b,51 TCC-TCOMA MALL,PT
1048,2,PT051,b,51 TCC-TCOMA MALL,PT
